Workbook

Sheet Sales_Data
A1: Transaction_ID | B1: Employee_ID | C1: Salesperson_Name | D1: Region | E1: Product_ID | F1: Category | G1: Sale_Amount | H1: Sale_Date | I1: Customer_Type | J1: Transaction_Status
A2: TXN-0001 | B2: EMP-102 | C2: Bob Smith | D2: South | E2: PRD-008 | F2: Apparel | G2: 820.27 | H2: 45432 | I2: Premium | J2: Pending
A3: TXN-0002 | B3: EMP-102 | C3: Bob Smith | D3: North | E3: PRD-003 | F3: Apparel | G3: 14844.21 | H3: 45308 | I3: Standard | J3: Pending
A4: TXN-0003 | B4: EMP-110 | C4: Jack Anderson | D4: International | E4: PRD-014 | F4: Apparel | G4: 858.09 | H4: 45393 | I4: Trial | J4: Pending
A5: TXN-0004 | B5: EMP-105 | C5: Emma Davis | D5: South | E5: PRD-014 | F5: Furniture | G5: 20273.88 | H5: 45295 | I5: Enterprise | J5: Completed
A6: TXN-0005 | B6: EMP-104 | C6: David Lee | D6: North | E6: PRD-003 | F6: Software | G6: 23938.88 | H6: 45464 | I6: Premium | J6: Completed
A7: TXN-0006 | B7: EMP-106 | C7: Frank Miller | D7: West | E7: PRD-018 | F7: Electronics | G7: 15172.41 | H7: 45314 | I7: Trial | J7: Completed
A8: TXN-0007 | B8: EMP-109 | C8: Isla Taylor | D8: International | E8: PRD-012 | F8: Services | G8: 7470.82 | H8: 45613 | I8: Standard | J8: Completed
A9: TXN-0008 | B9: EMP-101 | C9: Alice Johnson | D9: North | E9: PRD-008 | F9: Electronics | G9: 16599.33 | H9: 45440 | I9: Trial | J9: Completed
A10: TXN-0009 | B10: EMP-108 | C10: Henry Moore | D10: South | E10: PRD-012 | F10: Furniture | G10: 15964.97 | H10: 45478 | I10: Standard | J10: Completed
A11: TXN-0010 | B11: EMP-102 | C11: Bob Smith | D11: International | E11: PRD-008 | F11: Apparel | G11: 15306.45 | H11: 45379 | I11: Trial | J11: Refunded
A12: TXN-0011 | B12: EMP-105 | C12: Emma Davis | D12: International | E12: PRD-008 | F12: Furniture | G12: 24740.18 | H12: 45619 | I12: Premium | J12: Completed
A13: TXN-0012 | B13: EMP-101 | C13: Alice Johnson | D13: East | E13: PRD-003 | F13: Apparel | G13: 20165.14 | H13: 45497 | I13: Enterprise | J13: Completed
... A121: TXN-0120 | B121: EMP-109 | C121: Isla Taylor | D121: West | E121: PRD-016 | F121: Apparel | G121: 17694.21 | H121: 45504 | I121: Trial | J121: Pending

Sheet Vlookup and xlookup
B3: VLOOKUP
B6: Transaction_ID | C6: TXN-0112 | E6: Transaction_ID | F6: Employee_ID | G6: Salesperson_Name | H6: Region | I6: Product_ID | J6: Category | K6: Sale_Amount | L6: Sale_Date | M6: Customer_Type | N6: Transaction_Status
B7: Employee_ID | C7: =VLOOKUP('Vlookup and xlookup'!$C$6,Sales_Data!$A$1:$J$121,2,0) -> EMP-108 | E7: TXN-0010 | F7: {=VLOOKUP($E$7,Sales_Data!$A$1:$J$121,{2,3,4,5,6,7,8,9,10},0)} -> EMP-102 | G7: Bob Smith | H7: International | I7: PRD-008 | J7: Apparel | K7: 15306.45 | L7: 45379 | M7: Trial | N7: Refunded
B8: Salesperson_Name | C8: =VLOOKUP('Vlookup and xlookup'!$C$6,Sales_Data!$A$1:$J$121,3,0) -> Henry Moore
B9: Region | C9: =VLOOKUP('Vlookup and xlookup'!$C$6,Sales_Data!$A$1:$J$121,4,0) -> East
B10: Product_ID | C10: =VLOOKUP('Vlookup and xlookup'!$C$6,Sales_Data!$A$1:$J$121,5,0) -> PRD-006
B11: Category | C11: =VLOOKUP('Vlookup and xlookup'!$C$6,Sales_Data!$A$1:$J$121,6,0) -> Services
B12: Sale_Amount | C12: =VLOOKUP('Vlookup and xlookup'!$C$6,Sales_Data!$A$1:$J$121,7,0) -> 13070.3
B13: Sale_Date | C13: =VLOOKUP('Vlookup and xlookup'!$C$6,Sales_Data!$A$1:$J$121,8,0) -> 45518
B14: Customer_Type | C14: =VLOOKUP('Vlookup and xlookup'!$C$6,Sales_Data!$A$1:$J$121,9,0) -> Trial
B15: Transaction_Status | C15: =VLOOKUP('Vlookup and xlookup'!$C$6,Sales_Data!$A$1:$J$121,10,0) -> Refunded
B17: xLOOKUP
B20: Transaction_ID | C20: Employee_ID | D20: Salesperson_Name | E20: Region | F20: Product_ID | G20: Category | H20: Sale_Amount | I20: Sale_Date | J20: Customer_Type | K20: Transaction_Status
B21: TXN-0001 | C21: {=_xlfn.XLOOKUP($B$21,Sales_Data!A2:A121,Sales_Data!B2:J121)} -> EMP-102 | D21: Bob Smith | E21: South | F21: PRD-008 | G21: Apparel | H21: 820.27 | I21: 45432 | J21: Premium | K21: Pending

Sheet index+match
B3: INDEX+MATCH
B6: Transaction_ID | C6: Employee_ID | D6: Salesperson_Name | E6: Region | F6: Product_ID | G6: Category | H6: Sale_Amount | I6: Sale_Date | J6: Customer_Type | K6: Transaction_Status
B7: TXN-0113 | C7: =INDEX(Sales_Data!B103:B121,MATCH('index+match'!B7,Sales_Data!A103:A121,0)) -> EMP-102 | D7: =INDEX(Sales_Data!C103:C121,MATCH('index+match'!C7,Sales_Data!B103:B121,0)) -> Bob Smith | E7: =INDEX(Sales_Data!D103:D121,MATCH('index+match'!D7,Sales_Data!C103:C121,0)) -> East | F7: =INDEX(Sales_Data!E103:E121,MATCH('index+match'!E7,Sales_Data!D103:D121,0)) -> PRD-020 | G7: =INDEX(Sales_Data!F103:F121,MATCH('index+match'!F7,Sales_Data!E103:E121,0)) -> Electronics | H7: =INDEX(Sales_Data!G103:G121,MATCH('index+match'!G7,Sales_Data!F103:F121,0)) -> 24752.78 | I7: =INDEX(Sales_Data!H103:H121,MATCH('index+match'!H7,Sales_Data!G103:G121,0)) -> 45448 | J7: =INDEX(Sales_Data!I103:I121,MATCH('index+match'!I7,Sales_Data!H103:H121,0)) -> Premium | K7: =INDEX(Sales_Data!J103:J121,MATCH('index+match'!J7,Sales_Data!I103:I121,0)) -> Completed

Sheet IF VS IFS and IFERROR
B2: Product_ID | C2: Category | D2: Sale_Amount | F2: if | H2: ifs | J2: 1/Sale_Amount
B3: PRD-008 | C3: Apparel | D3: 820.27 | F3: =IF(D3<500,"Negligible",IF(D3<5000,"LOW",IF(D3<10000,"MEDIUM","HIGH"))) -> LOW | H3: {=_xlfn.IFS(D3>10000,"HIGH",D3>5000,"MEDIUM",D3>500,"LOW",TRUE,"NEGLIGIBLE")} -> LOW | J3: =IFERROR(1/D3,"can not devide by zero") -> 0.0012191108
B4: PRD-003 | C4: Apparel | D4: 14844.21 | F4: =IF(D4<500,"Negligible",IF(D4<5000,"LOW",IF(D4<10000,"MEDIUM","HIGH"))) -> HIGH | H4: {=_xlfn.IFS(D4>10000,"HIGH",D4>5000,"MEDIUM",D4>500,"LOW",TRUE,"NEGLIGIBLE")} -> HIGH | J4: =IFERROR(1/D4,"can not devide by zero") -> 6.7366333e-05
B5: PRD-014 | C5: Apparel | D5: 858.09 | F5: =IF(D5<500,"Negligible",IF(D5<5000,"LOW",IF(D5<10000,"MEDIUM","HIGH"))) -> LOW | H5: {=_xlfn.IFS(D5>10000,"HIGH",D5>5000,"MEDIUM",D5>500,"LOW",TRUE,"NEGLIGIBLE")} -> LOW | J5: =IFERROR(1/D5,"can not devide by zero") -> 0.0011653789
B6: PRD-014 | C6: Furniture | D6: 20273.88 | F6: =IF(D6<500,"Negligible",IF(D6<5000,"LOW",IF(D6<10000,"MEDIUM","HIGH"))) -> HIGH | H6: {=_xlfn.IFS(D6>10000,"HIGH",D6>5000,"MEDIUM",D6>500,"LOW",TRUE,"NEGLIGIBLE")} -> HIGH | J6: =IFERROR(1/D6,"can not devide by zero") -> 4.932455e-05
B7: PRD-003 | C7: Software | D7: 23938.88 | F7: =IF(D7<500,"Negligible",IF(D7<5000,"LOW",IF(D7<10000,"MEDIUM","HIGH"))) -> HIGH | H7: {=_xlfn.IFS(D7>10000,"HIGH",D7>5000,"MEDIUM",D7>500,"LOW",TRUE,"NEGLIGIBLE")} -> HIGH | J7: =IFERROR(1/D7,"can not devide by zero") -> 4.1773049e-05
B8: PRD-018 | C8: Electronics | D8: 15172.41 | F8: =IF(D8<500,"Negligible",IF(D8<5000,"LOW",IF(D8<10000,"MEDIUM","HIGH"))) -> HIGH | H8: {=_xlfn.IFS(D8>10000,"HIGH",D8>5000,"MEDIUM",D8>500,"LOW",TRUE,"NEGLIGIBLE")} -> HIGH | J8: =IFERROR(1/D8,"can not devide by zero") -> 6.5909107e-05
B9: PRD-012 | C9: Services | D9: 7470.82 | F9: =IF(D9<500,"Negligible",IF(D9<5000,"LOW",IF(D9<10000,"MEDIUM","HIGH"))) -> MEDIUM | H9: {=_xlfn.IFS(D9>10000,"HIGH",D9>5000,"MEDIUM",D9>500,"LOW",TRUE,"NEGLIGIBLE")} -> MEDIUM | J9: =IFERROR(1/D9,"can not devide by zero") -> 0.00013385412
B10: PRD-008 | C10: Electronics | D10: 16599.33 | F10: =IF(D10<500,"Negligible",IF(D10<5000,"LOW",IF(D10<10000,"MEDIUM","HIGH"))) -> HIGH | H10: {=_xlfn.IFS(D10>10000,"HIGH",D10>5000,"MEDIUM",D10>500,"LOW",TRUE,"NEGLIGIBLE")} -> HIGH | J10: =IFERROR(1/D10,"can not devide by zero") -> 6.0243395e-05
B11: PRD-012 | C11: Furniture | D11: 15964.97 | F11: =IF(D11<500,"Negligible",IF(D11<5000,"LOW",IF(D11<10000,"MEDIUM","HIGH"))) -> HIGH | H11: {=_xlfn.IFS(D11>10000,"HIGH",D11>5000,"MEDIUM",D11>500,"LOW",TRUE,"NEGLIGIBLE")} -> HIGH | J11: =IFERROR(1/D11,"can not devide by zero") -> 6.2637136e-05
B12: PRD-008 | C12: Apparel | D12: 15306.45 | F12: =IF(D12<500,"Negligible",IF(D12<5000,"LOW",IF(D12<10000,"MEDIUM","HIGH"))) -> HIGH | H12: {=_xlfn.IFS(D12>10000,"HIGH",D12>5000,"MEDIUM",D12>500,"LOW",TRUE,"NEGLIGIBLE")} -> HIGH | J12: =IFERROR(1/D12,"can not devide by zero") -> 6.5331935e-05
B13: PRD-008 | C13: Furniture | D13: 24740.18 | F13: =IF(D13<500,"Negligible",IF(D13<5000,"LOW",IF(D13<10000,"MEDIUM","HIGH"))) -> HIGH | H13: {=_xlfn.IFS(D13>10000,"HIGH",D13>5000,"MEDIUM",D13>500,"LOW",TRUE,"NEGLIGIBLE")} -> HIGH | J13: =IFERROR(1/D13,"can not devide by zero") -> 4.0420078e-05
B14: PRD-003 | C14: Apparel | D14: 20165.14 | F14: =IF(D14<500,"Negligible",IF(D14<5000,"LOW",IF(D14<10000,"MEDIUM","HIGH"))) -> HIGH | H14: {=_xlfn.IFS(D14>10000,"HIGH",D14>5000,"MEDIUM",D14>500,"LOW",TRUE,"NEGLIGIBLE")} -> HIGH | J14: =IFERROR(1/D14,"can not devide by zero") -> 4.9590531e-05
... B122: PRD-016 | C122: Apparel | D122: 17694.21 | F122: =IF(D122<500,"Negligible",IF(D122<5000,"LOW",IF(D122<10000,"MEDIUM","HIGH"))) -> HIGH | H122: {=_xlfn.IFS(D122>10000,"HIGH",D122>5000,"MEDIUM",D122>500,"LOW",TRUE,"NEGLIGIBLE")} -> HIGH | J122: =IFERROR(1/D122,"can not devide by zero") -> 5.6515662e-05

Sheet IF+AND +OR
C2: How many coustomer needs immediate attentition - find coustomer that are either premium or enterprice and status is pending
C6: Customer_Type | D6: Transaction_Status | F6: Needs Attention
C7: Premium | D7: Pending | F7: =IF(AND(OR(C7="Premium",C7="Enterprise"),D7="Pending"),"TRUE","FALSE") -> TRUE
C8: Standard | D8: Pending | F8: =IF(AND(OR(C8="Premium",C8="Enterprise"),D8="Pending"),"TRUE","FALSE") -> FALSE
C9: Trial | D9: Pending | F9: =IF(AND(OR(C9="Premium",C9="Enterprise"),D9="Pending"),"TRUE","FALSE") -> FALSE
C10: Enterprise | D10: Completed | F10: =IF(AND(OR(C10="Premium",C10="Enterprise"),D10="Pending"),"TRUE","FALSE") -> FALSE
C11: Premium | D11: Completed | F11: =IF(AND(OR(C11="Premium",C11="Enterprise"),D11="Pending"),"TRUE","FALSE") -> FALSE
C12: Trial | D12: Completed | F12: =IF(AND(OR(C12="Premium",C12="Enterprise"),D12="Pending"),"TRUE","FALSE") -> FALSE
C13: Standard | D13: Completed | F13: =IF(AND(OR(C13="Premium",C13="Enterprise"),D13="Pending"),"TRUE","FALSE") -> FALSE
C14: Trial | D14: Completed | F14: =IF(AND(OR(C14="Premium",C14="Enterprise"),D14="Pending"),"TRUE","FALSE") -> FALSE
C15: Standard | D15: Completed | F15: =IF(AND(OR(C15="Premium",C15="Enterprise"),D15="Pending"),"TRUE","FALSE") -> FALSE
C16: Trial | D16: Refunded | F16: =IF(AND(OR(C16="Premium",C16="Enterprise"),D16="Pending"),"TRUE","FALSE") -> FALSE
C17: Premium | D17: Completed | F17: =IF(AND(OR(C17="Premium",C17="Enterprise"),D17="Pending"),"TRUE","FALSE") -> FALSE
C18: Enterprise | D18: Completed | F18: =IF(AND(OR(C18="Premium",C18="Enterprise"),D18="Pending"),"TRUE","FALSE") -> FALSE
... C126: Trial | D126: Pending | F126: =IF(AND(OR(C126="Premium",C126="Enterprise"),D126="Pending"),"TRUE","FALSE") -> FALSE

Sheet Sumifs vs COUNTIFS
C2: Find the total revenue generated by "Apparel" in the "International" region. | I2: Count exactly how many "Completed" transactions were closed by "Emma Davis".
I7: Salesperson_Name | J7: Transaction_Status
C8: Region | D8: Category | E8: Sale_Amount | G8: Total Revenue | I8: Bob Smith | J8: Pending | L8: Counts
C9: South | D9: Apparel | E9: 820.27 | G9: =SUMIFS(E9:E128,D9:D128,"Apparel",C9:C128,"International") -> 48589.31 | I9: Bob Smith | J9: Pending | L9: =COUNTIFS(I8:I127,"Emma Davis",J8:J127,"Completed") -> 6
C10: North | D10: Apparel | E10: 14844.21 | I10: Jack Anderson | J10: Pending
C11: International | D11: Apparel | E11: 858.09 | I11: Emma Davis | J11: Completed
C12: South | D12: Furniture | E12: 20273.88 | I12: David Lee | J12: Completed
C13: North | D13: Software | E13: 23938.88 | I13: Frank Miller | J13: Completed
C14: West | D14: Electronics | E14: 15172.41 | I14: Isla Taylor | J14: Completed
C15: International | D15: Services | E15: 7470.82 | I15: Alice Johnson | J15: Completed
C16: North | D16: Electronics | E16: 16599.33 | I16: Henry Moore | J16: Completed
C17: South | D17: Furniture | E17: 15964.97 | I17: Bob Smith | J17: Refunded
C18: International | D18: Apparel | E18: 15306.45 | I18: Emma Davis | J18: Completed
C19: International | D19: Furniture | E19: 24740.18 | I19: Alice Johnson | J19: Completed
C20: East | D20: Apparel | E20: 20165.14 | I20: Henry Moore | J20: Completed
C21: West | D21: Furniture | E21: 10011.67 | I21: Isla Taylor | J21: Completed
... C127: West | D127: Apparel | E127: 0 | I127: Isla Taylor | J127: Pending
C128: West | D128: Apparel | E128: 17694.21

Sheet MINIFS vs MAXIFS
B2: Find the absolute highest sale amount specifically within the "Software" category. | H2: Find the lowest sale amount for "Furniture" that was actually "Completed" (ignoring refunds or pending ones).
B6: Category | C6: Sale_Amount | H6: Category | I6: Sale_Amount | J6: Transaction_Status | L6: lowest sale amount for "Furniture" that was actually "Completed"
B7: Apparel | C7: 820.27 | E7: MAXIFS-highest sale amount within software | H7: Apparel | I7: 820.27 | J7: Pending
B8: Apparel | C8: 14844.21 | H8: Apparel | I8: 14844.21 | J8: Pending
B9: Apparel | C9: 858.09 | H9: Apparel | I9: 858.09 | J9: Pending
B10: Furniture | C10: 20273.88 | E10: =_xlfn.MAXIFS(C7:C126,B7:B126,"Software") -> 24362.51 | H10: Furniture | I10: 20273.88 | J10: Completed | L10: =_xlfn.MINIFS(I7:I126,H7:H126,"Furniture",J7:J126,"Completed") -> 786.88
B11: Software | C11: 23938.88 | H11: Software | I11: 23938.88 | J11: Completed
B12: Electronics | C12: 15172.41 | H12: Electronics | I12: 15172.41 | J12: Completed
B13: Services | C13: 7470.82 | H13: Services | I13: 7470.82 | J13: Completed
B14: Electronics | C14: 16599.33 | H14: Electronics | I14: 16599.33 | J14: Completed
B15: Furniture | C15: 15964.97 | H15: Furniture | I15: 15964.97 | J15: Completed
B16: Apparel | C16: 15306.45 | H16: Apparel | I16: 15306.45 | J16: Refunded
B17: Furniture | C17: 24740.18 | H17: Furniture | I17: 24740.18 | J17: Completed
B18: Apparel | C18: 20165.14 | H18: Apparel | I18: 20165.14 | J18: Completed
B19: Furniture | C19: 10011.67 | H19: Furniture | I19: 10011.67 | J19: Completed
B20: Software | C20: 13566.64 | H20: Software | I20: 13566.64 | J20: Completed
B21: Apparel | C21: 12836.25 | H21: Apparel | I21: 12836.25 | J21: Refunded
B22: Services | C22: 1775.49 | H22: Services | I22: 1775.49 | J22: Pending
... B126: Apparel | C126: 17694.21 | H126: Apparel | I126: 17694.21 | J126: Pending
